step,x,y
0,0,0
1,0,1
2,0,2
3,1,2
4,1,1
5,1,0
6,2,0
7,2,1
8,2,2
9,3,2
10,3,1
11,3,0
12,4,0
13,4,1
14,4,2
15,5,2
16,5,1
17,5,0
18,6,0
19,6,1
20,6,2
21,6,3
22,5,3
23,4,3
24,3,3
25,2,3
26,1,3
27,0,3
28,0,4
29,1,4
30,2,4
31,3,4
32,4,4
33,5,4
34,6,4
35,6,5
36,5,5
37,4,5
38,3,5
39,2,5
40,1,5
41,0,5
42,0,6
43,1,6
44,2,6
45,3,6
46,4,6
47,5,6
48,6,6
49,6,7
50,5,7
51,4,7
52,3,7
53,2,7
54,1,7
55,0,7
56,0,8
57,1,8
58,2,8
59,3,8
60,4,8
61,5,8
62,6,8
63,6,9
64,5,9
65,4,9
66,3,9
67,2,9
68,1,9
69,0,9
70,0,10
71,1,10
72,1,11
73,0,11
74,0,12
75,1,12
76,2,12
77,2,11
78,2,10
79,3,10
80,3,11
81,3,12
82,4,12
83,4,11
84,4,10
85,5,10
86,5,11
87,5,12
88,6,12
89,6,11
90,6,10
91,7,10
92,7,11
93,7,12
94,8,12
95,8,11
96,8,10
97,9,10
98,9,11
99,9,12
100,10,12
101,10,11
102,10,10
103,10,9
104,9,9
105,8,9
106,7,9
107,7,8
108,8,8
109,9,8
110,10,8
111,10,7
112,9,7
113,8,7
114,7,7
115,7,6
116,7,5
117,8,5
118,8,6
119,9,6
120,9,5
121,9,4
122,8,4
123,7,4
124,7,3
125,8,3
126,9,3
127,9,2
128,8,2
129,7,2
130,7,1
131,7,0
132,8,0
133,8,1
134,9,1
135,9,0
136,10,0
137,10,1
138,10,2
139,10,3
140,10,4
141,10,5
142,10,6
143,11,6
144,11,5
145,11,4
146,11,3
147,11,2
148,11,1
149,11,0
150,12,0
151,12,1
152,13,1
153,13,0
154,14,0
155,14,1
156,14,2
157,13,2
158,12,2
159,12,3
160,13,3
161,14,3
162,14,4
163,13,4
164,12,4
165,12,5
166,12,6
167,13,6
168,13,5
169,14,5
170,14,6
171,14,7
172,13,7
173,12,7
174,11,7
175,11,8
176,12,8
177,13,8
178,13,9
179,12,9
180,11,9
181,11,10
182,12,10
183,13,10
184,13,11
185,12,11
186,11,11
187,11,12
188,12,12
189,13,12
190,14,12
191,15,12
192,15,11
193,14,11
194,14,10
195,15,10
196,15,9
197,14,9
198,14,8
199,15,8
200,15,7
201,15,6
202,15,5
203,15,4
204,15,3
205,15,2
206,15,1
207,15,0
208,16,0
209,16,1
210,16,2
211,17,2
212,17,1
213,17,0
214,18,0
215,19,0
216,19,1
217,18,1
218,18,2
219,19,2
220,19,3
221,18,3
222,17,3
223,16,3
224,16,4
225,17,4
226,18,4
227,19,4
228,19,5
229,18,5
230,17,5
231,16,5
232,16,6
233,17,6
234,18,6
235,19,6
236,19,7
237,18,7
238,17,7
239,16,7
240,16,8
241,17,8
242,18,8
243,19,8
244,19,9
245,18,9
246,17,9
247,16,9
248,16,10
249,16,11
250,16,12
251,17,12
252,17,11
253,17,10
254,18,10
255,18,11
256,18,12
257,19,12
258,19,11
259,19,10
260,20,10
261,20,11
262,20,12
263,21,12
264,22,12
265,22,11
266,21,11
267,21,10
268,22,10
269,22,9
270,21,9
271,20,9
272,20,8
273,21,8
274,22,8
275,22,7
276,21,7
277,20,7
278,20,6
279,21,6
280,22,6
281,22,5
282,21,5
283,20,5
284,20,4
285,21,4
286,22,4
287,22,3
288,21,3
289,20,3
290,20,2
291,20,1
292,20,0
293,21,0
294,21,1
295,21,2
296,22,2
297,22,1
298,22,0
299,23,0
300,24,0
301,24,1
302,23,1
303,23,2
304,24,2
305,24,3
306,23,3
307,23,4
308,23,5
309,23,6
310,24,6
311,24,5
312,24,4
313,25,4
314,25,5
315,25,6
316,26,6
317,26,5
318,26,4
319,26,3
320,25,3
321,25,2
322,25,1
323,25,0
324,26,0
325,26,1
326,26,2
327,27,2
328,27,1
329,27,0
330,28,0
331,28,1
332,28,2
333,29,2
334,29,1
335,29,0
336,30,0
337,31,0
338,31,1
339,30,1
340,30,2
341,31,2
342,31,3
343,30,3
344,29,3
345,28,3
346,27,3
347,27,4
348,28,4
349,29,4
350,30,4
351,31,4
352,31,5
353,30,5
354,29,5
355,28,5
356,27,5
357,27,6
358,28,6
359,29,6
360,30,6
361,31,6
362,31,7
363,30,7
364,29,7
365,29,8
366,30,8
367,31,8
368,31,9
369,30,9
370,29,9
371,28,9
372,28,8
373,28,7
374,27,7
375,27,8
376,27,9
377,26,9
378,26,8
379,26,7
380,25,7
381,24,7
382,23,7
383,23,8
384,24,8
385,25,8
386,25,9
387,24,9
388,23,9
389,23,10
390,24,10
391,25,10
392,25,11
393,24,11
394,23,11
395,23,12
396,24,12
397,25,12
398,26,12
399,26,11
400,26,10
401,27,10
402,27,11
403,27,12
404,28,12
405,28,11
406,28,10
407,29,10
408,30,10
409,31,10
410,31,11
411,30,11
412,29,11
413,29,12
414,30,12
415,31,12
416,31,13
417,30,13
418,29,13
419,28,13
420,27,13
421,27,14
422,28,14
423,29,14
424,30,14
425,31,14
426,31,15
427,30,15
428,29,15
429,28,15
430,27,15
431,27,16
432,28,16
433,29,16
434,30,16
435,31,16
436,31,17
437,30,17
438,29,17
439,29,18
440,30,18
441,31,18
442,31,19
443,30,19
444,29,19
445,28,19
446,28,18
447,28,17
448,27,17
449,27,18
450,27,19
451,26,19
452,25,19
453,25,18
454,26,18
455,26,17
456,25,17
457,25,16
458,26,16
459,26,15
460,26,14
461,26,13
462,25,13
463,25,14
464,25,15
465,24,15
466,24,14
467,24,13
468,23,13
469,23,14
470,23,15
471,23,16
472,24,16
473,24,17
474,23,17
475,23,18
476,24,18
477,24,19
478,23,19
479,22,19
480,21,19
481,21,18
482,22,18
483,22,17
484,21,17
485,21,16
486,22,16
487,22,15
488,21,15
489,21,14
490,22,14
491,22,13
492,21,13
493,20,13
494,20,14
495,20,15
496,20,16
497,20,17
498,20,18
499,20,19
500,19,19
501,19,18
502,19,17
503,19,16
504,19,15
505,19,14
506,19,13
507,18,13
508,18,14
509,18,15
510,18,16
511,18,17
512,18,18
513,18,19
514,17,19
515,17,18
516,17,17
517,17,16
518,17,15
519,17,14
520,17,13
521,16,13
522,15,13
523,15,14
524,16,14
525,16,15
526,15,15
527,15,16
528,16,16
529,16,17
530,15,17
531,15,18
532,16,18
533,16,19
534,15,19
535,14,19
536,13,19
537,13,18
538,14,18
539,14,17
540,13,17
541,13,16
542,14,16
543,14,15
544,13,15
545,13,14
546,14,14
547,14,13
548,13,13
549,12,13
550,12,14
551,12,15
552,12,16
553,12,17
554,12,18
555,12,19
556,11,19
557,11,18
558,11,17
559,11,16
560,11,15
561,11,14
562,11,13
563,10,13
564,10,14
565,10,15
566,10,16
567,10,17
568,10,18
569,10,19
570,9,19
571,9,18
572,9,17
573,9,16
574,9,15
575,9,14
576,9,13
577,8,13
578,8,14
579,8,15
580,8,16
581,8,17
582,8,18
583,8,19
584,7,19
585,7,18
586,7,17
587,7,16
588,7,15
589,7,14
590,7,13
591,6,13
592,6,14
593,6,15
594,6,16
595,6,17
596,6,18
597,6,19
598,5,19
599,5,18
600,5,17
601,5,16
602,5,15
603,5,14
604,5,13
605,4,13
606,4,14
607,4,15
608,3,15
609,3,14
610,3,13
611,2,13
612,1,13
613,0,13
614,0,14
615,1,14
616,2,14
617,2,15
618,1,15
619,0,15
620,0,16
621,1,16
622,2,16
623,3,16
624,4,16
625,4,17
626,3,17
627,2,17
628,1,17
629,0,17
630,0,18
631,1,18
632,2,18
633,3,18
634,4,18
635,4,19
636,3,19
637,2,19
638,1,19
639,0,19
640,0,20
641,1,20
642,2,20
643,3,20
644,4,20
645,4,21
646,3,21
647,2,21
648,1,21
649,0,21
650,0,22
651,1,22
652,2,22
653,3,22
654,4,22
655,4,23
656,3,23
657,2,23
658,1,23
659,0,23
660,0,24
661,1,24
662,2,24
663,2,25
664,1,25
665,0,25
666,0,26
667,1,26
668,2,26
669,3,26
670,3,25
671,3,24
672,4,24
673,4,25
674,4,26
675,5,26
676,6,26
677,6,25
678,5,25
679,5,24
680,6,24
681,6,23
682,5,23
683,5,22
684,6,22
685,6,21
686,5,21
687,5,20
688,6,20
689,7,20
690,8,20
691,8,21
692,7,21
693,7,22
694,8,22
695,8,23
696,7,23
697,7,24
698,8,24
699,8,25
700,7,25
701,7,26
702,8,26
703,9,26
704,10,26
705,10,25
706,9,25
707,9,24
708,10,24
709,10,23
710,9,23
711,9,22
712,10,22
713,10,21
714,9,21
715,9,20
716,10,20
717,11,20
718,11,21
719,11,22
720,11,23
721,11,24
722,11,25
723,11,26
724,12,26
725,12,25
726,12,24
727,12,23
728,12,22
729,12,21
730,12,20
731,13,20
732,13,21
733,13,22
734,13,23
735,13,24
736,13,25
737,13,26
738,14,26
739,14,25
740,14,24
741,14,23
742,14,22
743,14,21
744,14,20
745,15,20
746,15,21
747,15,22
748,15,23
749,15,24
750,15,25
751,15,26
752,16,26
753,16,25
754,16,24
755,16,23
756,16,22
757,16,21
758,16,20
759,17,20
760,17,21
761,17,22
762,17,23
763,17,24
764,17,25
765,17,26
766,18,26
767,18,25
768,18,24
769,18,23
770,18,22
771,18,21
772,18,20
773,19,20
774,19,21
775,19,22
776,19,23
777,19,24
778,19,25
779,19,26
780,20,26
781,20,25
782,20,24
783,20,23
784,20,22
785,20,21
786,20,20
787,21,20
788,21,21
789,21,22
790,21,23
791,21,24
792,21,25
793,21,26
794,22,26
795,22,25
796,22,24
797,22,23
798,22,22
799,22,21
800,22,20
801,23,20
802,24,20
803,24,21
804,23,21
805,23,22
806,24,22
807,24,23
808,23,23
809,23,24
810,23,25
811,23,26
812,24,26
813,24,25
814,24,24
815,25,24
816,25,25
817,25,26
818,26,26
819,26,25
820,26,24
821,26,23
822,25,23
823,25,22
824,26,22
825,26,21
826,25,21
827,25,20
828,26,20
829,27,20
830,27,21
831,27,22
832,28,22
833,28,21
834,28,20
835,29,20
836,30,20
837,31,20
838,31,21
839,30,21
840,29,21
841,29,22
842,30,22
843,31,22
844,31,23
845,30,23
846,29,23
847,28,23
848,27,23
849,27,24
850,28,24
851,29,24
852,30,24
853,31,24
854,31,25
855,30,25
856,29,25
857,28,25
858,27,25
859,27,26
860,28,26
861,29,26
862,30,26
863,31,26
864,31,27
865,30,27
866,29,27
867,29,28
868,30,28
869,31,28
870,31,29
871,30,29
872,29,29
873,28,29
874,28,28
875,28,27
876,27,27
877,27,28
878,27,29
879,26,29
880,26,28
881,26,27
882,25,27
883,25,28
884,25,29
885,24,29
886,24,28
887,24,27
888,23,27
889,22,27
890,22,28
891,23,28
892,23,29
893,22,29
894,22,30
895,22,31
896,23,31
897,23,30
898,24,30
899,24,31
900,25,31
901,25,30
902,26,30
903,26,31
904,27,31
905,27,30
906,28,30
907,29,30
908,30,30
909,31,30
910,31,31
911,30,31
912,29,31
913,28,31
914,28,32
915,29,32
916,30,32
917,31,32
918,31,33
919,30,33
920,30,34
921,31,34
922,31,35
923,30,35
924,29,35
925,29,34
926,29,33
927,28,33
928,28,34
929,28,35
930,27,35
931,27,34
932,27,33
933,27,32
934,26,32
935,26,33
936,26,34
937,26,35
938,25,35
939,25,34
940,25,33
941,25,32
942,24,32
943,24,33
944,24,34
945,24,35
946,23,35
947,23,34
948,23,33
949,23,32
950,22,32
951,22,33
952,22,34
953,22,35
954,21,35
955,20,35
956,20,34
957,21,34
958,21,33
959,20,33
960,20,32
961,21,32
962,21,31
963,20,31
964,20,30
965,21,30
966,21,29
967,21,28
968,21,27
969,20,27
970,20,28
971,20,29
972,19,29
973,19,28
974,19,27
975,18,27
976,18,28
977,17,28
978,17,27
979,16,27
980,16,28
981,16,29
982,17,29
983,18,29
984,18,30
985,19,30
986,19,31
987,18,31
988,17,31
989,17,30
990,16,30
991,16,31
992,16,32
993,17,32
994,18,32
995,19,32
996,19,33
997,19,34
998,19,35
999,18,35
1000,18,34
1001,18,33
1002,17,33
1003,16,33
1004,16,34
1005,17,34
1006,17,35
1007,16,35
1008,15,35
1009,15,34
1010,14,34
1011,14,35
1012,13,35
1013,13,34
1014,13,33
1015,14,33
1016,15,33
1017,15,32
1018,14,32
1019,13,32
1020,13,31
1021,14,31
1022,15,31
1023,15,30
1024,14,30
1025,13,30
1026,13,29
1027,14,29
1028,15,29
1029,15,28
1030,15,27
1031,14,27
1032,14,28
1033,13,28
1034,13,27
1035,12,27
1036,12,28
1037,12,29
1038,11,29
1039,11,28
1040,11,27
1041,10,27
1042,10,28
1043,10,29
1044,10,30
1045,11,30
1046,12,30
1047,12,31
1048,11,31
1049,10,31
1050,10,32
1051,11,32
1052,12,32
1053,12,33
1054,12,34
1055,12,35
1056,11,35
1057,11,34
1058,11,33
1059,10,33
1060,10,34
1061,10,35
1062,9,35
1063,8,35
1064,8,34
1065,9,34
1066,9,33
1067,8,33
1068,8,32
1069,9,32
1070,9,31
1071,8,31
1072,8,30
1073,9,30
1074,9,29
1075,8,29
1076,8,28
1077,9,28
1078,9,27
1079,8,27
1080,7,27
1081,6,27
1082,6,28
1083,7,28
1084,7,29
1085,6,29
1086,6,30
1087,7,30
1088,7,31
1089,6,31
1090,5,31
1091,5,30
1092,5,29
1093,5,28
1094,5,27
1095,4,27
1096,4,28
1097,4,29
1098,3,29
1099,3,28
1100,3,27
1101,2,27
1102,1,27
1103,0,27
1104,0,28
1105,1,28
1106,2,28
1107,2,29
1108,1,29
1109,0,29
1110,0,30
1111,1,30
1112,2,30
1113,3,30
1114,4,30
1115,4,31
1116,3,31
1117,2,31
1118,1,31
1119,0,31
1120,0,32
1121,1,32
1122,2,32
1123,3,32
1124,4,32
1125,5,32
1126,6,32
1127,7,32
1128,7,33
1129,6,33
1130,5,33
1131,5,34
1132,6,34
1133,7,34
1134,7,35
1135,6,35
1136,5,35
1137,4,35
1138,4,34
1139,4,33
1140,3,33
1141,3,34
1142,3,35
1143,2,35
1144,2,34
1145,2,33
1146,1,33
1147,0,33
1148,0,34
1149,1,34
1150,1,35
1151,0,35
1152,0,36
1153,1,36
1154,2,36
1155,3,36
1156,3,37
1157,2,37
1158,1,37
1159,0,37
1160,0,38
1161,1,38
1162,1,39
1163,0,39
1164,0,40
1165,1,40
1166,2,40
1167,2,39
1168,2,38
1169,3,38
1170,3,39
1171,3,40
1172,4,40
1173,4,39
1174,4,38
1175,4,37
1176,4,36
1177,5,36
1178,6,36
1179,6,37
1180,5,37
1181,5,38
1182,6,38
1183,6,39
1184,5,39
1185,5,40
1186,6,40
1187,7,40
1188,7,39
1189,7,38
1190,7,37
1191,7,36
1192,8,36
1193,9,36
1194,9,37
1195,8,37
1196,8,38
1197,9,38
1198,9,39
1199,8,39
1200,8,40
1201,9,40
1202,10,40
1203,11,40
1204,11,39
1205,10,39
1206,10,38
1207,10,37
1208,10,36
1209,11,36
1210,11,37
1211,11,38
1212,12,38
1213,12,37
1214,12,36
1215,13,36
1216,14,36
1217,14,37
1218,13,37
1219,13,38
1220,14,38
1221,14,39
1222,13,39
1223,12,39
1224,12,40
1225,13,40
1226,14,40
1227,15,40
1228,15,39
1229,15,38
1230,15,37
1231,15,36
1232,16,36
1233,17,36
1234,17,37
1235,16,37
1236,16,38
1237,17,38
1238,18,38
1239,18,37
1240,18,36
1241,19,36
1242,20,36
1243,20,37
1244,19,37
1245,19,38
1246,20,38
1247,20,39
1248,19,39
1249,18,39
1250,17,39
1251,16,39
1252,16,40
1253,17,40
1254,18,40
1255,19,40
1256,20,40
1257,20,41
1258,19,41
1259,18,41
1260,17,41
1261,16,41
1262,16,42
1263,17,42
1264,18,42
1265,19,42
1266,20,42
1267,20,43
1268,19,43
1269,19,44
1270,20,44
1271,20,45
1272,19,45
1273,18,45
1274,18,44
1275,18,43
1276,17,43
1277,16,43
1278,16,44
1279,17,44
1280,17,45
1281,16,45
1282,15,45
1283,15,44
1284,15,43
1285,15,42
1286,15,41
1287,14,41
1288,14,42
1289,14,43
1290,14,44
1291,14,45
1292,13,45
1293,13,44
1294,13,43
1295,13,42
1296,13,41
1297,12,41
1298,11,41
1299,11,42
1300,12,42
1301,12,43
1302,11,43
1303,11,44
1304,12,44
1305,12,45
1306,11,45
1307,10,45
1308,9,45
1309,9,44
1310,10,44
1311,10,43
1312,9,43
1313,9,42
1314,10,42
1315,10,41
1316,9,41
1317,8,41
1318,7,41
1319,7,42
1320,8,42
1321,8,43
1322,7,43
1323,7,44
1324,8,44
1325,8,45
1326,7,45
1327,6,45
1328,6,44
1329,6,43
1330,6,42
1331,6,41
1332,5,41
1333,5,42
1334,5,43
1335,5,44
1336,5,45
1337,4,45
1338,4,44
1339,4,43
1340,4,42
1341,4,41
1342,3,41
1343,3,42
1344,3,43
1345,2,43
1346,2,42
1347,2,41
1348,1,41
1349,0,41
1350,0,42
1351,1,42
1352,1,43
1353,0,43
1354,0,44
1355,1,44
1356,2,44
1357,3,44
1358,3,45
1359,2,45
1360,1,45
1361,0,45
1362,0,46
1363,1,46
1364,2,46
1365,2,47
1366,1,47
1367,0,47
1368,0,48
1369,1,48
1370,2,48
1371,3,48
1372,3,47
1373,3,46
1374,4,46
1375,4,47
1376,4,48
1377,5,48
1378,5,47
1379,5,46
1380,6,46
1381,6,47
1382,6,48
1383,7,48
1384,7,47
1385,7,46
1386,8,46
1387,8,47
1388,8,48
1389,9,48
1390,9,47
1391,9,46
1392,10,46
1393,11,46
1394,12,46
1395,12,47
1396,11,47
1397,10,47
1398,10,48
1399,11,48
1400,12,48
1401,12,49
1402,11,49
1403,10,49
1404,10,50
1405,11,50
1406,12,50
1407,12,51
1408,12,52
1409,11,52
1410,11,51
1411,10,51
1412,10,52
1413,9,52
1414,9,51
1415,9,50
1416,9,49
1417,8,49
1418,8,50
1419,8,51
1420,8,52
1421,7,52
1422,7,51
1423,7,50
1424,7,49
1425,6,49
1426,6,50
1427,6,51
1428,6,52
1429,5,52
1430,5,51
1431,5,50
1432,5,49
1433,4,49
1434,4,50
1435,4,51
1436,4,52
1437,3,52
1438,3,51
1439,3,50
1440,3,49
1441,2,49
1442,1,49
1443,0,49
1444,0,50
1445,1,50
1446,2,50
1447,2,51
1448,1,51
1449,0,51
1450,0,52
1451,1,52
1452,2,52
1453,2,53
1454,1,53
1455,0,53
1456,0,54
1457,0,55
1458,1,55
1459,1,54
1460,2,54
1461,2,55
1462,3,55
1463,3,54
1464,3,53
1465,4,53
1466,4,54
1467,4,55
1468,5,55
1469,5,54
1470,5,53
1471,6,53
1472,6,54
1473,6,55
1474,7,55
1475,7,54
1476,7,53
1477,8,53
1478,8,54
1479,8,55
1480,9,55
1481,9,54
1482,9,53
1483,10,53
1484,10,54
1485,10,55
1486,10,56
1487,9,56
1488,9,57
1489,10,57
1490,10,58
1491,9,58
1492,8,58
1493,8,57
1494,8,56
1495,7,56
1496,7,57
1497,7,58
1498,6,58
1499,6,57
1500,6,56
1501,5,56
1502,5,57
1503,5,58
1504,4,58
1505,4,57
1506,4,56
1507,3,56
1508,3,57
1509,3,58
1510,2,58
1511,2,57
1512,2,56
1513,1,56
1514,0,56
1515,0,57
1516,1,57
1517,1,58
1518,0,58
1519,0,59
1520,1,59
1521,2,59
1522,2,60
1523,1,60
1524,0,60
1525,0,61
1526,1,61
1527,2,61
1528,2,62
1529,1,62
1530,0,62
1531,0,63
1532,1,63
1533,2,63
1534,3,63
1535,3,62
1536,3,61
1537,3,60
1538,3,59
1539,4,59
1540,5,59
1541,5,60
1542,4,60
1543,4,61
1544,5,61
1545,5,62
1546,4,62
1547,4,63
1548,5,63
1549,6,63
1550,6,62
1551,6,61
1552,6,60
1553,6,59
1554,7,59
1555,8,59
1556,8,60
1557,7,60
1558,7,61
1559,8,61
1560,8,62
1561,7,62
1562,7,63
1563,8,63
1564,9,63
1565,9,62
1566,9,61
1567,9,60
1568,9,59
1569,10,59
1570,10,60
1571,10,61
1572,10,62
1573,10,63
1574,11,63
1575,11,62
1576,11,61
1577,11,60
1578,11,59
1579,12,59
1580,12,60
1581,12,61
1582,12,62
1583,12,63
1584,13,63
1585,13,62
1586,14,62
1587,14,63
1588,15,63
1589,15,62
1590,15,61
1591,14,61
1592,13,61
1593,13,60
1594,13,59
1595,14,59
1596,14,60
1597,15,60
1598,15,59
1599,15,58
1600,14,58
1601,13,58
1602,12,58
1603,11,58
1604,11,57
1605,12,57
1606,13,57
1607,14,57
1608,15,57
1609,15,56
1610,14,56
1611,13,56
1612,12,56
1613,11,56
1614,11,55
1615,11,54
1616,11,53
1617,12,53
1618,12,54
1619,12,55
1620,13,55
1621,13,54
1622,14,54
1623,14,55
1624,15,55
1625,15,54
1626,15,53
1627,14,53
1628,13,53
1629,13,52
1630,14,52
1631,15,52
1632,15,51
1633,14,51
1634,13,51
1635,13,50
1636,14,50
1637,15,50
1638,15,49
1639,14,49
1640,13,49
1641,13,48
1642,13,47
1643,13,46
1644,14,46
1645,14,47
1646,14,48
1647,15,48
1648,15,47
1649,15,46
1650,16,46
1651,16,47
1652,16,48
1653,17,48
1654,17,47
1655,17,46
1656,18,46
1657,18,47
1658,18,48
1659,19,48
1660,19,47
1661,19,46
1662,20,46
1663,20,47
1664,20,48
1665,20,49
1666,19,49
1667,18,49
1668,17,49
1669,16,49
1670,16,50
1671,16,51
1672,17,51
1673,17,50
1674,18,50
1675,18,51
1676,19,51
1677,19,50
1678,20,50
1679,20,51
1680,20,52
1681,19,52
1682,18,52
1683,17,52
1684,16,52
1685,16,53
1686,17,53
1687,18,53
1688,19,53
1689,20,53
1690,20,54
1691,19,54
1692,18,54
1693,17,54
1694,16,54
1695,16,55
1696,17,55
1697,18,55
1698,19,55
1699,20,55
1700,20,56
1701,19,56
1702,18,56
1703,17,56
1704,16,56
1705,16,57
1706,17,57
1707,18,57
1708,19,57
1709,20,57
1710,20,58
1711,19,58
1712,18,58
1713,17,58
1714,16,58
1715,16,59
1716,17,59
1717,18,59
1718,19,59
1719,20,59
1720,20,60
1721,19,60
1722,18,60
1723,17,60
1724,16,60
1725,16,61
1726,16,62
1727,16,63
1728,17,63
1729,17,62
1730,17,61
1731,18,61
1732,18,62
1733,18,63
1734,19,63
1735,19,62
1736,19,61
1737,20,61
1738,20,62
1739,20,63
1740,21,63
1741,21,62
1742,21,61
1743,21,60
1744,22,60
1745,22,61
1746,22,62
1747,22,63
1748,23,63
1749,23,62
1750,23,61
1751,24,61
1752,24,62
1753,24,63
1754,25,63
1755,26,63
1756,26,62
1757,25,62
1758,25,61
1759,26,61
1760,26,60
1761,25,60
1762,24,60
1763,23,60
1764,23,59
1765,22,59
1766,21,59
1767,21,58
1768,21,57
1769,22,57
1770,22,58
1771,23,58
1772,23,57
1773,24,57
1774,24,58
1775,24,59
1776,25,59
1777,26,59
1778,26,58
1779,25,58
1780,25,57
1781,26,57
1782,26,56
1783,25,56
1784,24,56
1785,23,56
1786,22,56
1787,21,56
1788,21,55
1789,22,55
1790,23,55
1791,24,55
1792,25,55
1793,26,55
1794,26,54
1795,25,54
1796,24,54
1797,23,54
1798,22,54
1799,21,54
1800,21,53
1801,22,53
1802,23,53
1803,24,53
1804,25,53
1805,26,53
1806,26,52
1807,25,52
1808,25,51
1809,24,51
1810,24,52
1811,23,52
1812,23,51
1813,22,51
1814,22,52
1815,21,52
1816,21,51
1817,21,50
1818,22,50
1819,23,50
1820,24,50
1821,25,50
1822,25,49
1823,24,49
1824,23,49
1825,22,49
1826,21,49
1827,21,48
1828,22,48
1829,23,48
1830,24,48
1831,25,48
1832,25,47
1833,24,47
1834,23,47
1835,22,47
1836,21,47
1837,21,46
1838,22,46
1839,23,46
1840,24,46
1841,25,46
1842,25,45
1843,24,45
1844,23,45
1845,22,45
1846,21,45
1847,21,44
1848,22,44
1849,23,44
1850,24,44
1851,25,44
1852,25,43
1853,24,43
1854,23,43
1855,22,43
1856,21,43
1857,21,42
1858,22,42
1859,23,42
1860,24,42
1861,25,42
1862,25,41
1863,24,41
1864,23,41
1865,22,41
1866,21,41
1867,21,40
1868,21,39
1869,22,39
1870,22,40
1871,23,40
1872,24,40
1873,24,39
1874,23,39
1875,23,38
1876,22,38
1877,21,38
1878,21,37
1879,21,36
1880,22,36
1881,22,37
1882,23,37
1883,23,36
1884,24,36
1885,25,36
1886,25,37
1887,24,37
1888,24,38
1889,25,38
1890,25,39
1891,25,40
1892,26,40
1893,26,39
1894,26,38
1895,26,37
1896,26,36
1897,27,36
1898,27,37
1899,27,38
1900,28,38
1901,28,37
1902,28,36
1903,29,36
1904,29,37
1905,29,38
1906,29,39
1907,28,39
1908,27,39
1909,27,40
1910,28,40
1911,29,40
1912,29,41
1913,28,41
1914,27,41
1915,26,41
1916,26,42
1917,27,42
1918,28,42
1919,29,42
1920,29,43
1921,28,43
1922,27,43
1923,26,43
1924,26,44
1925,27,44
1926,28,44
1927,29,44
1928,29,45
1929,28,45
1930,27,45
1931,26,45
1932,26,46
1933,27,46
1934,28,46
1935,29,46
1936,30,46
1937,30,47
1938,29,47
1939,28,47
1940,27,47
1941,26,47
1942,26,48
1943,27,48
1944,28,48
1945,29,48
1946,30,48
1947,30,49
1948,29,49
1949,28,49
1950,27,49
1951,26,49
1952,26,50
1953,26,51
1954,27,51
1955,27,50
1956,28,50
1957,28,51
1958,29,51
1959,29,50
1960,30,50
1961,30,51
1962,30,52
1963,29,52
1964,28,52
1965,27,52
1966,27,53
1967,28,53
1968,29,53
1969,30,53
1970,30,54
1971,29,54
1972,28,54
1973,27,54
1974,27,55
1975,28,55
1976,29,55
1977,30,55
1978,30,56
1979,29,56
1980,28,56
1981,27,56
1982,27,57
1983,28,57
1984,29,57
1985,30,57
1986,30,58
1987,29,58
1988,28,58
1989,27,58
1990,27,59
1991,28,59
1992,29,59
1993,30,59
1994,30,60
1995,29,60
1996,28,60
1997,27,60
1998,27,61
1999,28,61
2000,28,62
2001,27,62
2002,27,63
2003,28,63
2004,29,63
2005,29,62
2006,29,61
2007,30,61
2008,30,62
2009,30,63
2010,31,63
2011,31,62
2012,31,61
2013,31,60
2014,32,60
2015,32,61
2016,32,62
2017,32,63
2018,33,63
2019,33,62
2020,34,62
2021,34,63
2022,35,63
2023,35,62
2024,35,61
2025,34,61
2026,33,61
2027,33,60
2028,34,60
2029,35,60
2030,35,59
2031,34,59
2032,33,59
2033,32,59
2034,31,59
2035,31,58
2036,31,57
2037,32,57
2038,32,58
2039,33,58
2040,33,57
2041,34,57
2042,34,58
2043,35,58
2044,35,57
2045,35,56
2046,34,56
2047,33,56
2048,32,56
2049,31,56
2050,31,55
2051,32,55
2052,33,55
2053,34,55
2054,35,55
2055,35,54
2056,34,54
2057,33,54
2058,32,54
2059,31,54
2060,31,53
2061,32,53
2062,33,53
2063,34,53
2064,35,53
2065,35,52
2066,34,52
2067,33,52
2068,32,52
2069,31,52
2070,31,51
2071,32,51
2072,33,51
2073,34,51
2074,35,51
2075,35,50
2076,34,50
2077,33,50
2078,32,50
2079,31,50
2080,31,49
2081,32,49
2082,33,49
2083,34,49
2084,35,49
2085,35,48
2086,34,48
2087,33,48
2088,32,48
2089,31,48
2090,31,47
2091,31,46
2092,32,46
2093,32,47
2094,33,47
2095,33,46
2096,34,46
2097,34,47
2098,35,47
2099,35,46
2100,35,45
2101,34,45
2102,33,45
2103,32,45
2104,31,45
2105,30,45
2106,30,44
2107,31,44
2108,32,44
2109,33,44
2110,34,44
2111,35,44
2112,35,43
2113,34,43
2114,33,43
2115,32,43
2116,31,43
2117,30,43
2118,30,42
2119,30,41
2120,31,41
2121,31,42
2122,32,42
2123,32,41
2124,33,41
2125,33,42
2126,34,42
2127,35,42
2128,35,41
2129,34,41
2130,34,40
2131,35,40
2132,35,39
2133,34,39
2134,33,39
2135,33,40
2136,32,40
2137,32,39
2138,31,39
2139,31,40
2140,30,40
2141,30,39
2142,30,38
2143,30,37
2144,30,36
2145,31,36
2146,31,37
2147,31,38
2148,32,38
2149,32,37
2150,32,36
2151,32,35
2152,32,34
2153,33,34
2154,33,35
2155,33,36
2156,33,37
2157,33,38
2158,34,38
2159,34,37
2160,34,36
2161,34,35
2162,34,34
2163,35,34
2164,35,35
2165,35,36
2166,35,37
2167,35,38
2168,36,38
2169,36,39
2170,37,39
2171,37,38
2172,37,37
2173,36,37
2174,36,36
2175,37,36
2176,37,35
2177,36,35
2178,36,34
2179,37,34
2180,38,34
2181,38,35
2182,38,36
2183,38,37
2184,39,37
2185,39,36
2186,39,35
2187,39,34
2188,40,34
2189,40,35
2190,41,35
2191,41,34
2192,42,34
2193,42,35
2194,42,36
2195,41,36
2196,40,36
2197,40,37
2198,41,37
2199,42,37
2200,42,38
2201,41,38
2202,40,38
2203,39,38
2204,38,38
2205,38,39
2206,39,39
2207,40,39
2208,41,39
2209,42,39
2210,42,40
2211,41,40
2212,40,40
2213,39,40
2214,38,40
2215,37,40
2216,36,40
2217,36,41
2218,37,41
2219,38,41
2220,39,41
2221,40,41
2222,41,41
2223,42,41
2224,42,42
2225,41,42
2226,40,42
2227,39,42
2228,38,42
2229,37,42
2230,36,42
2231,36,43
2232,36,44
2233,37,44
2234,37,43
2235,38,43
2236,38,44
2237,39,44
2238,39,43
2239,40,43
2240,40,44
2241,41,44
2242,41,43
2243,42,43
2244,42,44
2245,42,45
2246,42,46
2247,41,46
2248,41,45
2249,40,45
2250,40,46
2251,39,46
2252,39,45
2253,38,45
2254,38,46
2255,37,46
2256,37,45
2257,36,45
2258,36,46
2259,36,47
2260,37,47
2261,38,47
2262,39,47
2263,40,47
2264,41,47
2265,42,47
2266,42,48
2267,41,48
2268,40,48
2269,39,48
2270,38,48
2271,37,48
2272,36,48
2273,36,49
2274,37,49
2275,38,49
2276,39,49
2277,40,49
2278,41,49
2279,42,49
2280,42,50
2281,41,50
2282,40,50
2283,39,50
2284,38,50
2285,37,50
2286,36,50
2287,36,51
2288,37,51
2289,38,51
2290,39,51
2291,40,51
2292,41,51
2293,42,51
2294,42,52
2295,41,52
2296,40,52
2297,39,52
2298,38,52
2299,37,52
2300,36,52
2301,36,53
2302,37,53
2303,38,53
2304,39,53
2305,40,53
2306,41,53
2307,42,53
2308,42,54
2309,41,54
2310,40,54
2311,39,54
2312,38,54
2313,37,54
2314,36,54
2315,36,55
2316,37,55
2317,38,55
2318,39,55
2319,40,55
2320,41,55
2321,42,55
2322,42,56
2323,41,56
2324,40,56
2325,39,56
2326,38,56
2327,37,56
2328,36,56
2329,36,57
2330,37,57
2331,38,57
2332,39,57
2333,40,57
2334,41,57
2335,42,57
2336,42,58
2337,41,58
2338,40,58
2339,39,58
2340,38,58
2341,37,58
2342,36,58
2343,36,59
2344,36,60
2345,37,60
2346,37,59
2347,38,59
2348,38,60
2349,38,61
2350,37,61
2351,36,61
2352,36,62
2353,36,63
2354,37,63
2355,37,62
2356,38,62
2357,38,63
2358,39,63
2359,39,62
2360,39,61
2361,39,60
2362,39,59
2363,40,59
2364,40,60
2365,40,61
2366,40,62
2367,40,63
2368,41,63
2369,41,62
2370,41,61
2371,41,60
2372,41,59
2373,42,59
2374,42,60
2375,42,61
2376,42,62
2377,42,63
2378,43,63
2379,43,62
2380,43,61
2381,44,61
2382,44,62
2383,44,63
2384,45,63
2385,45,62
2386,45,61
2387,45,60
2388,44,60
2389,43,60
2390,43,59
2391,43,58
2392,44,58
2393,44,59
2394,45,59
2395,45,58
2396,45,57
2397,44,57
2398,43,57
2399,43,56
2400,44,56
2401,45,56
2402,45,55
2403,44,55
2404,43,55
2405,43,54
2406,44,54
2407,45,54
2408,45,53
2409,44,53
2410,43,53
2411,43,52
2412,44,52
2413,45,52
2414,45,51
2415,44,51
2416,43,51
2417,43,50
2418,44,50
2419,45,50
2420,45,49
2421,44,49
2422,43,49
2423,43,48
2424,44,48
2425,44,47
2426,43,47
2427,43,46
2428,44,46
2429,45,46
2430,45,47
2431,45,48
2432,46,48
2433,46,47
2434,46,46
2435,47,46
2436,47,47
2437,47,48
2438,48,48
2439,48,47
2440,48,46
2441,49,46
2442,50,46
2443,50,47
2444,49,47
2445,49,48
2446,50,48
2447,50,49
2448,49,49
2449,48,49
2450,47,49
2451,46,49
2452,46,50
2453,47,50
2454,48,50
2455,49,50
2456,50,50
2457,50,51
2458,49,51
2459,48,51
2460,47,51
2461,46,51
2462,46,52
2463,46,53
2464,47,53
2465,47,52
2466,48,52
2467,48,53
2468,49,53
2469,49,52
2470,50,52
2471,50,53
2472,50,54
2473,49,54
2474,48,54
2475,47,54
2476,46,54
2477,46,55
2478,47,55
2479,48,55
2480,49,55
2481,50,55
2482,50,56
2483,49,56
2484,48,56
2485,47,56
2486,46,56
2487,46,57
2488,47,57
2489,48,57
2490,49,57
2491,50,57
2492,50,58
2493,49,58
2494,48,58
2495,47,58
2496,46,58
2497,46,59
2498,47,59
2499,48,59
2500,49,59
2501,50,59
2502,50,60
2503,49,60
2504,48,60
2505,47,60
2506,46,60
2507,46,61
2508,47,61
2509,47,62
2510,46,62
2511,46,63
2512,47,63
2513,48,63
2514,48,62
2515,48,61
2516,49,61
2517,50,61
2518,50,62
2519,49,62
2520,49,63
2521,50,63
2522,51,63
2523,51,62
2524,52,62
2525,52,63
2526,53,63
2527,53,62
2528,53,61
2529,52,61
2530,51,61
2531,51,60
2532,52,60
2533,53,60
2534,53,59
2535,52,59
2536,51,59
2537,51,58
2538,52,58
2539,53,58
2540,53,57
2541,52,57
2542,51,57
2543,51,56
2544,51,55
2545,52,55
2546,52,56
2547,53,56
2548,53,55
2549,54,55
2550,54,56
2551,55,56
2552,55,55
2553,56,55
2554,56,56
2555,56,57
2556,55,57
2557,54,57
2558,54,58
2559,55,58
2560,56,58
2561,56,59
2562,55,59
2563,54,59
2564,54,60
2565,55,60
2566,56,60
2567,56,61
2568,55,61
2569,54,61
2570,54,62
2571,54,63
2572,55,63
2573,55,62
2574,56,62
2575,56,63
2576,57,63
2577,58,63
2578,58,62
2579,57,62
2580,57,61
2581,58,61
2582,58,60
2583,57,60
2584,57,59
2585,57,58
2586,58,58
2587,58,59
2588,59,59
2589,59,58
2590,60,58
2591,60,59
2592,60,60
2593,59,60
2594,59,61
2595,60,61
2596,60,62
2597,59,62
2598,59,63
2599,60,63
2600,61,63
2601,62,63
2602,63,63
2603,63,62
2604,62,62
2605,61,62
2606,61,61
2607,61,60
2608,62,60
2609,62,61
2610,63,61
2611,63,60
2612,63,59
2613,62,59
2614,61,59
2615,61,58
2616,62,58
2617,63,58
2618,63,57
2619,63,56
2620,62,56
2621,62,57
2622,61,57
2623,61,56
2624,60,56
2625,60,57
2626,59,57
2627,59,56
2628,58,56
2629,58,57
2630,57,57
2631,57,56
2632,57,55
2633,58,55
2634,59,55
2635,60,55
2636,61,55
2637,62,55
2638,63,55
2639,63,54
2640,62,54
2641,61,54
2642,61,53
2643,62,53
2644,63,53
2645,63,52
2646,63,51
2647,62,51
2648,62,52
2649,61,52
2650,61,51
2651,60,51
2652,60,52
2653,60,53
2654,60,54
2655,59,54
2656,59,53
2657,59,52
2658,59,51
2659,58,51
2660,58,52
2661,58,53
2662,58,54
2663,57,54
2664,57,53
2665,57,52
2666,57,51
2667,56,51
2668,56,52
2669,56,53
2670,56,54
2671,55,54
2672,55,53
2673,55,52
2674,54,52
2675,54,53
2676,54,54
2677,53,54
2678,52,54
2679,51,54
2680,51,53
2681,52,53
2682,53,53
2683,53,52
2684,52,52
2685,51,52
2686,51,51
2687,52,51
2688,53,51
2689,54,51
2690,55,51
2691,55,50
2692,54,50
2693,53,50
2694,52,50
2695,51,50
2696,51,49
2697,52,49
2698,53,49
2699,53,48
2700,52,48
2701,51,48
2702,51,47
2703,51,46
2704,52,46
2705,52,47
2706,53,47
2707,53,46
2708,54,46
2709,54,47
2710,54,48
2711,54,49
2712,55,49
2713,55,48
2714,55,47
2715,55,46
2716,56,46
2717,56,47
2718,56,48
2719,56,49
2720,56,50
2721,57,50
2722,57,49
2723,57,48
2724,57,47
2725,57,46
2726,58,46
2727,58,47
2728,58,48
2729,58,49
2730,58,50
2731,59,50
2732,59,49
2733,59,48
2734,60,48
2735,60,49
2736,60,50
2737,61,50
2738,62,50
2739,63,50
2740,63,49
2741,62,49
2742,61,49
2743,61,48
2744,62,48
2745,63,48
2746,63,47
2747,62,47
2748,61,47
2749,60,47
2750,59,47
2751,59,46
2752,60,46
2753,61,46
2754,62,46
2755,63,46
2756,63,45
2757,62,45
2758,61,45
2759,60,45
2760,60,44
2761,61,44
2762,62,44
2763,63,44
2764,63,43
2765,62,43
2766,62,42
2767,63,42
2768,63,41
2769,62,41
2770,61,41
2771,61,42
2772,61,43
2773,60,43
2774,60,42
2775,60,41
2776,59,41
2777,59,42
2778,59,43
2779,59,44
2780,59,45
2781,58,45
2782,58,44
2783,58,43
2784,58,42
2785,58,41
2786,57,41
2787,57,42
2788,57,43
2789,57,44
2790,57,45
2791,56,45
2792,56,44
2793,56,43
2794,56,42
2795,56,41
2796,55,41
2797,55,42
2798,55,43
2799,55,44
2800,55,45
2801,54,45
2802,54,44
2803,54,43
2804,54,42
2805,54,41
2806,53,41
2807,53,42
2808,53,43
2809,53,44
2810,53,45
2811,52,45
2812,51,45
2813,51,44
2814,52,44
2815,52,43
2816,51,43
2817,51,42
2818,52,42
2819,52,41
2820,51,41
2821,50,41
2822,49,41
2823,49,42
2824,50,42
2825,50,43
2826,49,43
2827,49,44
2828,50,44
2829,50,45
2830,49,45
2831,48,45
2832,48,44
2833,48,43
2834,48,42
2835,48,41
2836,47,41
2837,47,42
2838,47,43
2839,47,44
2840,47,45
2841,46,45
2842,46,44
2843,46,43
2844,45,43
2845,45,44
2846,45,45
2847,44,45
2848,43,45
2849,43,44
2850,44,44
2851,44,43
2852,43,43
2853,43,42
2854,44,42
2855,45,42
2856,46,42
2857,46,41
2858,45,41
2859,44,41
2860,43,41
2861,43,40
2862,44,40
2863,45,40
2864,46,40
2865,46,39
2866,45,39
2867,44,39
2868,43,39
2869,43,38
2870,44,38
2871,45,38
2872,46,38
2873,46,37
2874,45,37
2875,44,37
2876,43,37
2877,43,36
2878,44,36
2879,44,35
2880,43,35
2881,43,34
2882,44,34
2883,45,34
2884,45,35
2885,45,36
2886,46,36
2887,46,35
2888,46,34
2889,47,34
2890,47,35
2891,47,36
2892,47,37
2893,47,38
2894,47,39
2895,47,40
2896,48,40
2897,48,39
2898,48,38
2899,48,37
2900,48,36
2901,48,35
2902,48,34
2903,49,34
2904,49,35
2905,49,36
2906,49,37
2907,49,38
2908,49,39
2909,49,40
2910,50,40
2911,50,39
2912,50,38
2913,50,37
2914,50,36
2915,50,35
2916,50,34
2917,51,34
2918,51,35
2919,51,36
2920,51,37
2921,51,38
2922,51,39
2923,51,40
2924,52,40
2925,52,39
2926,52,38
2927,52,37
2928,52,36
2929,52,35
2930,52,34
2931,53,34
2932,53,35
2933,53,36
2934,53,37
2935,53,38
2936,53,39
2937,53,40
2938,54,40
2939,55,40
2940,55,39
2941,54,39
2942,54,38
2943,55,38
2944,55,37
2945,54,37
2946,54,36
2947,55,36
2948,55,35
2949,54,35
2950,54,34
2951,55,34
2952,56,34
2953,56,35
2954,56,36
2955,57,36
2956,57,37
2957,56,37
2958,56,38
2959,57,38
2960,57,39
2961,56,39
2962,56,40
2963,57,40
2964,58,40
2965,58,39
2966,58,38
2967,58,37
2968,58,36
2969,59,36
2970,59,37
2971,59,38
2972,59,39
2973,59,40
2974,60,40
2975,60,39
2976,60,38
2977,61,38
2978,61,39
2979,61,40
2980,62,40
2981,63,40
2982,63,39
2983,62,39
2984,62,38
2985,63,38
2986,63,37
2987,62,37
2988,61,37
2989,60,37
2990,60,36
2991,61,36
2992,62,36
2993,63,36
2994,63,35
2995,63,34
2996,62,34
2997,62,35
2998,61,35
2999,61,34
3000,60,34
3001,60,35
3002,59,35
3003,58,35
3004,57,35
3005,57,34
3006,58,34
3007,59,34
3008,59,33
3009,58,33
3010,57,33
3011,57,32
3012,58,32
3013,59,32
3014,60,32
3015,60,33
3016,61,33
3017,61,32
3018,62,32
3019,62,33
3020,63,33
3021,63,32
3022,63,31
3023,62,31
3024,61,31
3025,61,30
3026,62,30
3027,63,30
3028,63,29
3029,63,28
3030,62,28
3031,62,29
3032,61,29
3033,61,28
3034,60,28
3035,60,29
3036,60,30
3037,60,31
3038,59,31
3039,59,30
3040,59,29
3041,59,28
3042,58,28
3043,58,29
3044,58,30
3045,58,31
3046,57,31
3047,57,30
3048,57,29
3049,57,28
3050,56,28
3051,56,29
3052,56,30
3053,56,31
3054,56,32
3055,56,33
3056,55,33
3057,55,32
3058,55,31
3059,55,30
3060,55,29
3061,55,28
3062,55,27
3063,54,27
3064,54,28
3065,54,29
3066,54,30
3067,54,31
3068,54,32
3069,54,33
3070,53,33
3071,53,32
3072,53,31
3073,53,30
3074,53,29
3075,53,28
3076,53,27
3077,52,27
3078,52,28
3079,52,29
3080,52,30
3081,52,31
3082,52,32
3083,52,33
3084,51,33
3085,51,32
3086,51,31
3087,51,30
3088,51,29
3089,51,28
3090,51,27
3091,50,27
3092,50,28
3093,50,29
3094,50,30
3095,50,31
3096,50,32
3097,50,33
3098,49,33
3099,49,32
3100,49,31
3101,49,30
3102,49,29
3103,49,28
3104,49,27
3105,48,27
3106,48,28
3107,48,29
3108,48,30
3109,48,31
3110,48,32
3111,48,33
3112,47,33
3113,47,32
3114,47,31
3115,47,30
3116,47,29
3117,47,28
3118,47,27
3119,46,27
3120,46,28
3121,46,29
3122,46,30
3123,46,31
3124,46,32
3125,46,33
3126,45,33
3127,45,32
3128,45,31
3129,45,30
3130,45,29
3131,45,28
3132,45,27
3133,44,27
3134,44,28
3135,44,29
3136,44,30
3137,44,31
3138,44,32
3139,44,33
3140,43,33
3141,43,32
3142,43,31
3143,43,30
3144,43,29
3145,43,28
3146,43,27
3147,42,27
3148,42,28
3149,42,29
3150,42,30
3151,42,31
3152,42,32
3153,42,33
3154,41,33
3155,41,32
3156,41,31
3157,41,30
3158,41,29
3159,41,28
3160,41,27
3161,40,27
3162,40,28
3163,40,29
3164,40,30
3165,40,31
3166,40,32
3167,40,33
3168,39,33
3169,39,32
3170,39,31
3171,39,30
3172,39,29
3173,39,28
3174,39,27
3175,38,27
3176,38,28
3177,38,29
3178,38,30
3179,38,31
3180,38,32
3181,38,33
3182,37,33
3183,37,32
3184,37,31
3185,37,30
3186,37,29
3187,37,28
3188,37,27
3189,36,27
3190,36,28
3191,36,29
3192,36,30
3193,36,31
3194,36,32
3195,36,33
3196,35,33
3197,35,32
3198,35,31
3199,34,31
3200,34,32
3201,34,33
3202,33,33
3203,32,33
3204,32,32
3205,33,32
3206,33,31
3207,32,31
3208,32,30
3209,33,30
3210,34,30
3211,35,30
3212,35,29
3213,34,29
3214,33,29
3215,32,29
3216,32,28
3217,33,28
3218,34,28
3219,35,28
3220,35,27
3221,34,27
3222,33,27
3223,32,27
3224,32,26
3225,32,25
3226,33,25
3227,33,26
3228,34,26
3229,34,25
3230,34,24
3231,33,24
3232,32,24
3233,32,23
3234,32,22
3235,33,22
3236,33,23
3237,34,23
3238,34,22
3239,35,22
3240,35,23
3241,35,24
3242,35,25
3243,35,26
3244,36,26
3245,37,26
3246,37,25
3247,36,25
3248,36,24
3249,37,24
3250,37,23
3251,36,23
3252,36,22
3253,37,22
3254,38,22
3255,38,23
3256,38,24
3257,38,25
3258,38,26
3259,39,26
3260,39,25
3261,39,24
3262,39,23
3263,39,22
3264,40,22
3265,40,23
3266,40,24
3267,40,25
3268,40,26
3269,41,26
3270,41,25
3271,41,24
3272,41,23
3273,41,22
3274,42,22
3275,42,23
3276,42,24
3277,42,25
3278,42,26
3279,43,26
3280,43,25
3281,43,24
3282,43,23
3283,43,22
3284,44,22
3285,44,23
3286,44,24
3287,44,25
3288,44,26
3289,45,26
3290,46,26
3291,46,25
3292,45,25
3293,45,24
3294,46,24
3295,46,23
3296,45,23
3297,45,22
3298,46,22
3299,47,22
3300,48,22
3301,48,23
3302,47,23
3303,47,24
3304,48,24
3305,48,25
3306,47,25
3307,47,26
3308,48,26
3309,49,26
3310,49,25
3311,49,24
3312,49,23
3313,49,22
3314,50,22
3315,50,23
3316,50,24
3317,50,25
3318,50,26
3319,51,26
3320,52,26
3321,52,25
3322,51,25
3323,51,24
3324,52,24
3325,52,23
3326,51,23
3327,51,22
3328,52,22
3329,53,22
3330,53,23
3331,53,24
3332,53,25
3333,53,26
3334,54,26
3335,54,25
3336,54,24
3337,54,23
3338,54,22
3339,55,22
3340,55,23
3341,55,24
3342,55,25
3343,55,26
3344,56,26
3345,56,27
3346,57,27
3347,57,26
3348,57,25
3349,56,25
3350,56,24
3351,57,24
3352,57,23
3353,56,23
3354,56,22
3355,57,22
3356,58,22
3357,58,23
3358,58,24
3359,58,25
3360,58,26
3361,58,27
3362,59,27
3363,59,26
3364,59,25
3365,60,25
3366,60,26
3367,60,27
3368,61,27
3369,62,27
3370,63,27
3371,63,26
3372,62,26
3373,61,26
3374,61,25
3375,62,25
3376,63,25
3377,63,24
3378,62,24
3379,61,24
3380,60,24
3381,59,24
3382,59,23
3383,59,22
3384,60,22
3385,60,23
3386,61,23
3387,61,22
3388,62,22
3389,62,23
3390,63,23
3391,63,22
3392,63,21
3393,63,20
3394,62,20
3395,62,21
3396,61,21
3397,61,20
3398,60,20
3399,60,21
3400,59,21
3401,59,20
3402,59,19
3403,60,19
3404,61,19
3405,62,19
3406,63,19
3407,63,18
3408,62,18
3409,61,18
3410,61,17
3411,62,17
3412,63,17
3413,63,16
3414,63,15
3415,62,15
3416,62,16
3417,61,16
3418,61,15
3419,60,15
3420,60,16
3421,60,17
3422,60,18
3423,59,18
3424,59,17
3425,59,16
3426,59,15
3427,58,15
3428,58,16
3429,58,17
3430,58,18
3431,58,19
3432,58,20
3433,58,21
3434,57,21
3435,57,20
3436,56,20
3437,56,21
3438,55,21
3439,55,20
3440,55,19
3441,56,19
3442,57,19
3443,57,18
3444,56,18
3445,55,18
3446,55,17
3447,56,17
3448,57,17
3449,57,16
3450,57,15
3451,56,15
3452,56,16
3453,55,16
3454,55,15
3455,54,15
3456,53,15
3457,53,16
3458,54,16
3459,54,17
3460,53,17
3461,53,18
3462,54,18
3463,54,19
3464,53,19
3465,53,20
3466,54,20
3467,54,21
3468,53,21
3469,52,21
3470,52,20
3471,52,19
3472,52,18
3473,52,17
3474,52,16
3475,52,15
3476,51,15
3477,50,15
3478,50,16
3479,51,16
3480,51,17
3481,50,17
3482,50,18
3483,51,18
3484,51,19
3485,50,19
3486,50,20
3487,51,20
3488,51,21
3489,50,21
3490,49,21
3491,49,20
3492,49,19
3493,49,18
3494,49,17
3495,49,16
3496,49,15
3497,48,15
3498,48,16
3499,48,17
3500,48,18
3501,48,19
3502,48,20
3503,48,21
3504,47,21
3505,47,20
3506,47,19
3507,47,18
3508,47,17
3509,47,16
3510,47,15
3511,46,15
3512,46,16
3513,46,17
3514,46,18
3515,46,19
3516,46,20
3517,46,21
3518,45,21
3519,45,20
3520,45,19
3521,45,18
3522,45,17
3523,45,16
3524,45,15
3525,44,15
3526,44,16
3527,44,17
3528,44,18
3529,44,19
3530,44,20
3531,44,21
3532,43,21
3533,43,20
3534,43,19
3535,43,18
3536,43,17
3537,43,16
3538,43,15
3539,42,15
3540,42,16
3541,42,17
3542,42,18
3543,42,19
3544,42,20
3545,42,21
3546,41,21
3547,41,20
3548,41,19
3549,41,18
3550,41,17
3551,41,16
3552,40,16
3553,40,17
3554,40,18
3555,40,19
3556,40,20
3557,40,21
3558,39,21
3559,39,20
3560,39,19
3561,39,18
3562,39,17
3563,39,16
3564,38,16
3565,38,17
3566,38,18
3567,38,19
3568,38,20
3569,38,21
3570,37,21
3571,37,20
3572,37,19
3573,37,18
3574,37,17
3575,37,16
3576,36,16
3577,36,17
3578,36,18
3579,36,19
3580,36,20
3581,36,21
3582,35,21
3583,35,20
3584,35,19
3585,34,19
3586,34,20
3587,34,21
3588,33,21
3589,32,21
3590,32,20
3591,33,20
3592,33,19
3593,32,19
3594,32,18
3595,33,18
3596,34,18
3597,35,18
3598,35,17
3599,34,17
3600,33,17
3601,32,17
3602,32,16
3603,33,16
3604,34,16
3605,35,16
3606,35,15
3607,34,15
3608,33,15
3609,32,15
3610,32,14
3611,33,14
3612,33,13
3613,32,13
3614,32,12
3615,33,12
3616,34,12
3617,34,13
3618,34,14
3619,35,14
3620,35,13
3621,35,12
3622,36,12
3623,36,13
3624,36,14
3625,36,15
3626,37,15
3627,37,14
3628,37,13
3629,37,12
3630,38,12
3631,38,13
3632,38,14
3633,38,15
3634,39,15
3635,39,14
3636,40,14
3637,40,15
3638,41,15
3639,41,14
3640,41,13
3641,40,13
3642,39,13
3643,39,12
3644,40,12
3645,41,12
3646,41,11
3647,40,11
3648,40,10
3649,41,10
3650,41,9
3651,40,9
3652,39,9
3653,39,10
3654,39,11
3655,38,11
3656,38,10
3657,38,9
3658,37,9
3659,37,10
3660,37,11
3661,36,11
3662,36,10
3663,36,9
3664,35,9
3665,35,10
3666,35,11
3667,34,11
3668,33,11
3669,32,11
3670,32,10
3671,33,10
3672,34,10
3673,34,9
3674,33,9
3675,32,9
3676,32,8
3677,33,8
3678,34,8
3679,34,7
3680,33,7
3681,32,7
3682,32,6
3683,33,6
3684,34,6
3685,35,6
3686,35,7
3687,35,8
3688,36,8
3689,36,7
3690,36,6
3691,37,6
3692,37,7
3693,37,8
3694,38,8
3695,39,8
3696,40,8
3697,40,7
3698,39,7
3699,38,7
3700,38,6
3701,39,6
3702,40,6
3703,40,5
3704,39,5
3705,38,5
3706,37,5
3707,36,5
3708,35,5
3709,34,5
3710,33,5
3711,32,5
3712,32,4
3713,33,4
3714,34,4
3715,34,3
3716,33,3
3717,32,3
3718,32,2
3719,32,1
3720,32,0
3721,33,0
3722,33,1
3723,33,2
3724,34,2
3725,34,1
3726,34,0
3727,35,0
3728,35,1
3729,35,2
3730,35,3
3731,35,4
3732,36,4
3733,36,3
3734,36,2
3735,36,1
3736,36,0
3737,37,0
3738,37,1
3739,37,2
3740,37,3
3741,37,4
3742,38,4
3743,38,3
3744,38,2
3745,38,1
3746,38,0
3747,39,0
3748,39,1
3749,39,2
3750,39,3
3751,39,4
3752,40,4
3753,40,3
3754,40,2
3755,40,1
3756,40,0
3757,41,0
3758,41,1
3759,41,2
3760,41,3
3761,41,4
3762,42,4
3763,42,3
3764,42,2
3765,42,1
3766,42,0
3767,43,0
3768,43,1
3769,43,2
3770,44,2
3771,44,1
3772,44,0
3773,45,0
3774,45,1
3775,45,2
3776,45,3
3777,44,3
3778,43,3
3779,43,4
3780,44,4
3781,45,4
3782,45,5
3783,44,5
3784,43,5
3785,42,5
3786,41,5
3787,41,6
3788,42,6
3789,43,6
3790,44,6
3791,45,6
3792,45,7
3793,44,7
3794,43,7
3795,42,7
3796,41,7
3797,41,8
3798,42,8
3799,43,8
3800,44,8
3801,45,8
3802,45,9
3803,44,9
3804,43,9
3805,42,9
3806,42,10
3807,43,10
3808,44,10
3809,45,10
3810,45,11
3811,44,11
3812,43,11
3813,42,11
3814,42,12
3815,43,12
3816,43,13
3817,42,13
3818,42,14
3819,43,14
3820,44,14
3821,44,13
3822,44,12
3823,45,12
3824,45,13
3825,45,14
3826,46,14
3827,47,14
3828,47,13
3829,46,13
3830,46,12
3831,47,12
3832,47,11
3833,46,11
3834,46,10
3835,47,10
3836,48,10
3837,48,11
3838,48,12
3839,48,13
3840,48,14
3841,49,14
3842,49,13
3843,50,13
3844,50,14
3845,51,14
3846,51,13
3847,51,12
3848,50,12
3849,49,12
3850,49,11
3851,49,10
3852,50,10
3853,50,11
3854,51,11
3855,51,10
3856,51,9
3857,50,9
3858,49,9
3859,48,9
3860,47,9
3861,46,9
3862,46,8
3863,47,8
3864,48,8
3865,49,8
3866,50,8
3867,51,8
3868,51,7
3869,50,7
3870,49,7
3871,48,7
3872,47,7
3873,46,7
3874,46,6
3875,47,6
3876,48,6
3877,48,5
3878,47,5
3879,46,5
3880,46,4
3881,47,4
3882,48,4
3883,48,3
3884,47,3
3885,46,3
3886,46,2
3887,46,1
3888,46,0
3889,47,0
3890,47,1
3891,47,2
3892,48,2
3893,48,1
3894,48,0
3895,49,0
3896,49,1
3897,49,2
3898,49,3
3899,49,4
3900,49,5
3901,49,6
3902,50,6
3903,51,6
3904,51,5
3905,50,5
3906,50,4
3907,51,4
3908,51,3
3909,50,3
3910,50,2
3911,51,2
3912,51,1
3913,50,1
3914,50,0
3915,51,0
3916,52,0
3917,52,1
3918,52,2
3919,52,3
3920,52,4
3921,53,4
3922,53,3
3923,53,2
3924,53,1
3925,53,0
3926,54,0
3927,54,1
3928,54,2
3929,55,2
3930,55,1
3931,55,0
3932,56,0
3933,56,1
3934,56,2
3935,56,3
3936,55,3
3937,54,3
3938,54,4
3939,55,4
3940,56,4
3941,56,5
3942,55,5
3943,54,5
3944,53,5
3945,52,5
3946,52,6
3947,53,6
3948,54,6
3949,55,6
3950,56,6
3951,56,7
3952,55,7
3953,54,7
3954,53,7
3955,52,7
3956,52,8
3957,52,9
3958,53,9
3959,53,8
3960,54,8
3961,54,9
3962,55,9
3963,55,8
3964,56,8
3965,56,9
3966,56,10
3967,55,10
3968,54,10
3969,53,10
3970,52,10
3971,52,11
3972,53,11
3973,54,11
3974,54,12
3975,53,12
3976,52,12
3977,52,13
3978,52,14
3979,53,14
3980,53,13
3981,54,13
3982,54,14
3983,55,14
3984,55,13
3985,55,12
3986,55,11
3987,56,11
3988,56,12
3989,56,13
3990,56,14
3991,57,14
3992,57,13
3993,57,12
3994,57,11
3995,58,11
3996,58,12
3997,58,13
3998,58,14
3999,59,14
4000,59,13
4001,59,12
4002,59,11
4003,60,11
4004,60,12
4005,60,13
4006,60,14
4007,61,14
4008,61,13
4009,62,13
4010,62,14
4011,63,14
4012,63,13
4013,63,12
4014,62,12
4015,61,12
4016,61,11
4017,62,11
4018,63,11
4019,63,10
4020,63,9
4021,62,9
4022,62,10
4023,61,10
4024,61,9
4025,60,9
4026,60,10
4027,59,10
4028,59,9
4029,58,9
4030,58,10
4031,57,10
4032,57,9
4033,57,8
4034,58,8
4035,59,8
4036,60,8
4037,61,8
4038,62,8
4039,63,8
4040,63,7
4041,63,6
4042,62,6
4043,62,7
4044,61,7
4045,61,6
4046,60,6
4047,60,7
4048,59,7
4049,58,7
4050,57,7
4051,57,6
4052,58,6
4053,59,6
4054,59,5
4055,58,5
4056,57,5
4057,57,4
4058,58,4
4059,59,4
4060,60,4
4061,60,5
4062,61,5
4063,61,4
4064,62,4
4065,62,5
4066,63,5
4067,63,4
4068,63,3
4069,62,3
4070,61,3
4071,60,3
4072,59,3
4073,58,3
4074,57,3
4075,57,2
4076,57,1
4077,57,0
4078,58,0
4079,58,1
4080,58,2
4081,59,2
4082,59,1
4083,59,0
4084,60,0
4085,60,1
4086,60,2
4087,61,2
4088,61,1
4089,61,0
4090,62,0
4091,62,1
4092,62,2
4093,63,2
4094,63,1
4095,63,0
